ra,dec,magnitude,parallax
254.80790910364715,-22.660215204444796,16.747246,0.17636120437313096
254.81365922927955,-22.6534754234417,17.451895,0.22894012335133798
254.82249172860833,-22.65913754420985,19.859667,0.2616351409912265
254.83905112124685,-22.655566606504728,18.005226,0.38732524953037906
254.83723244696603,-22.666540947571995,19.301647,-0.22674745392091444
254.83400987315196,-22.663342370123633,19.456316,0.3336738497577213
254.8437552138125,-22.661807394645137,19.456102,-0.31945747764464
254.83942747773662,-22.65783820327169,19.428913,0.011150845962792845
254.8462946404769,-22.657950907817455,19.799295,0.13247514388629353
254.83599514380344,-22.665210376612915,18.906876,0.031057809129434323
254.8448267835653,-22.66397968565567,19.336466,1.5520807070988445
254.3065363229509,-22.078112620066133,19.663069,0.48025298095976776
254.30859937173318,-22.069145786893706,18.973553,
262.3937322792797,-59.97284422121113,19.139376,-0.4601673054651357
262.4092007360953,-59.972215291638044,14.584971,0.5157596690481888
262.5064231397217,-59.99536444116036,18.016201,0.49886986520641563
262.4926031158792,-59.996838887779646,18.927366,0.487699675249849
262.4818594607096,-59.98908615805444,16.896824,0.5275969456758802
227.8720419342592,-49.90070214208396,16.959808,0.12751035676719896
227.8687915914388,-49.89900626801141,15.989593,0.16399898972733612
227.86943683041582,-49.89734865355161,18.35387,0.2219496612722346
227.87345967671175,-49.89362225285724,16.400661,0.6313244047871891
227.86699648274748,-49.88749926653683,18.456703,0.23218490933414052
227.85982998776043,-49.90024272649961,17.97219,0.40767628406669143
227.85727353811285,-49.89790101829431,18.758968,0.4654877629051338
227.82959181846937,-49.900136746901424,18.22486,0.031053115464099168
227.8441517571977,-49.898973403775926,19.111853,0.9550193260332707
227.84181444461538,-49.890167091637345,18.429947,0.12151114365285168
227.82785456092338,-49.899060323215906,19.127838,-0.4266646388219804
228.44230084272527,-48.982727017811975,19.754,0.25073730469871847
228.42895188951385,-48.986043274429385,18.024672,0.2397465495816254
228.4375252436441,-48.98361264086877,19.679941,0.7961112345182654
228.43711073416756,-48.98227851371408,19.129044,0.8466711591380758
228.42670418758476,-48.98321925388257,19.61227,0.6644962978507509
228.4324639691515,-48.980010044824915,19.392784,0.019297717929716643
230.20218419068215,-48.59553351463904,15.119526,0.8412156129575102
230.19770131135033,-48.596196906652956,17.207684,0.2374422761767991
230.1933212987085,-48.59631343732071,18.817928,0.4918032387095374
230.19341748029993,-48.59558627339515,17.568851,1.6556429876620768
254.84351609398095,-22.65866482136904,19.898485,-0.30417123856758355
254.83628981614723,-22.655207322036386,19.896816,0.35827112136074035
254.84670567066354,-22.65587033091217,19.146835,0.0896126881427324
254.8559684783673,-22.651789232222015,19.354916,0.1584026041629954
227.842729911002,-49.90213911739714,19.833792,0.1860550289525586
227.83714326765238,-49.90300210188121,18.612331,0.5132098446017793
227.83481028226515,-49.90307774127608,19.625658,-0.43534511170531665
227.83978967954883,-49.90174862109132,18.903301,0.35079423159665996
227.83944850502914,-49.90112713278022,19.950005,
227.83434272898793,-49.90010515273813,19.638355,0.7280961125747151
227.8458185754547,-49.89588616152796,19.158909,0.27175355904504384
227.8294290181964,-49.8987290620267,19.49176,-0.6888789438279868
227.83133879628036,-49.89670767236028,19.619102,-0.1990301964046509
227.84488924661645,-49.89287346501207,19.368048,0.4131885446961935
227.84262582846074,-49.890548646291265,19.799389,-0.760616237811745
227.8312594552682,-49.89280204876209,19.942139,0.9041647073265867
230.1216523885959,-48.71448177159929,19.610435,0.8230129933355095
230.10914260751127,-48.71706621131962,19.55612,-0.1653003356062668
230.10514662598192,-48.717344722711076,19.523449,0.20022709266177252
230.11677742504273,-48.71387314899405,19.616081,-0.33713630812563344
230.1105109072362,-48.713849462684934,19.82267,0.9561256283377094
230.10786052769518,-48.70971924440767,19.923683,0.768545053000028
230.1090634131925,-48.7082110895267,19.807089,-0.43530197894556666
230.10999934164877,-48.70727328763829,18.362228,0.41441084888583124
230.11457355034534,-48.72544669170411,19.960173,-0.7762460842256893
227.12159406949843,-49.45003162324131,17.202728,0.43540847829380336
227.1299394459302,-49.449274786345036,18.906246,-0.16727057079129443
227.11862866360906,-49.44105472160376,19.471298,0.19760499745973897
227.12137394769505,-49.451275808817044,19.921726,0.1957807855063715
227.1205300153509,-49.44972422551894,19.444252,0.28643397139233673
230.11556860453175,-48.71151055430826,17.021275,0.4082918725545708
230.10349672797662,-48.71492504112379,19.204735,0.4651449702543368
227.1186710502564,-49.44499074519333,19.261883,0.6133827169815333
230.11177536544838,-48.723055266177475,19.99545,
230.11354961869174,-48.71823410192739,16.295677,0.4410428404848642
254.6671771382694,-21.907864484464145,19.891127,0.11687653171236903
254.66346087254473,-21.905295679385702,18.258419,0.40984122542780554
254.66330322001193,-21.922523491379856,19.551254,-0.2769866431754651
254.66585439532125,-21.917485660294385,19.446335,0.6829447196712436
254.6603584506572,-21.92033714334657,18.398098,0.3552765790891371
254.66527285697526,-21.9145353606421,19.402842,0.4190943003030471
254.66646763316857,-21.912789314745314,18.406393,0.24238038675754436
254.6661240735536,-21.909679056027972,18.297626,0.3412275213053719
254.66745980905463,-21.908435048546583,19.25275,-0.2908981692313567
289.03152809773644,72.35969365660611,18.927568,3.258506201717497
254.66456903025605,-21.907337854449292,19.369034,0.34432909395972033
254.6606637870277,-21.9077351704059,19.919785,0.2275245455391943
228.43292065123376,-48.99338745902114,15.2456875,0.05323482173332311
228.43311150634838,-48.990372222111176,19.529331,0.16377885326383534
228.43191153428234,-48.98977758511402,15.476586,0.5505729223386087
228.42759963949734,-48.99039642404543,16.734291,0.43697202182564737
228.4432276743959,-48.983767514899206,16.22925,0.21952565040295297
228.43295124656055,-48.98641100413791,16.533844,0.5045155872797011
228.42988098860297,-48.98633775546476,17.97704,0.2828372021422085
228.4229034720774,-48.98726454143883,19.91623,-0.5867568235881601
228.41936882497058,-48.98304640580096,17.071466,0.23399360231284821
228.4314042501605,-48.976679702482784,14.060325,0.3585177369947887
265.260335018441,-59.9162357564797,17.005383,0.5906841702036223
265.246565924309,-59.918483093794954,17.805786,0.3889553688740911
265.23855702519523,-59.91592857657162,15.942402,1.5722621878985632
265.26008102212353,-59.911597727809045,19.762917,0.42610827814774455
265.26532323970787,-59.90979967606456,19.019567,0.41425385089434325
265.2611342710676,-59.90866690363686,19.421741,0.507369458417873
265.2608649987395,-59.907286561371116,18.980555,0.6458443063798559
265.2542171794128,-59.90504003537272,17.136545,0.2630127617032633
227.12362346550245,-49.44141731413363,19.401731,0.12050087230900142
265.26521856044883,-59.904248557254775,19.536247,0.4212186874396786
227.1157580481567,-49.44203433377897,19.812246,0.22449379762207586
265.2516576206742,-59.903244580822424,18.788294,1.012151478140614
227.12187883747146,-49.43984122642454,18.969206,0.37112341837062435
228.49134001989225,-49.01001670177314,19.039482,-0.48110051889734057
228.4892779302604,-49.00978930860958,18.459421,0.4611612528277463
228.48252295618533,-49.00391371486051,19.518187,5.28656700333941
228.4774153516587,-49.008537569661165,19.052341,0.48514667489878965
265.23486243118356,-59.89314842174284,18.496307,-0.10765564644975027
227.12488118611483,-49.43872610132759,19.839527,0.13265395627282695
265.2625245868822,-59.90398907081834,19.56107,0.5238816184890341
262.4871092815446,-59.99030063037109,18.70598,-0.08597782458765833
262.5001375267093,-59.99260882064513,19.17483,0.2766425210879152
262.4925019679599,-59.995366082298055,18.982573,0.15480973304444723
262.4939212235232,-59.99773129248262,18.650345,0.38382774632008465
262.5141165177573,-59.998447487804654,16.475584,0.26828511871112687
262.51087799075884,-59.99248124244149,15.6194725,0.11602144426268815
230.1155026237328,-48.71698062311319,19.409616,-0.19453685920785438
262.51306540406364,-59.98889008611197,19.768118,0.10588591921209323
230.105486927489,-48.717548958702984,18.726122,-0.10929245754927283
230.11563403625541,-48.712756834721326,18.79695,1.2331950228172146
262.51114142710964,-59.98586994481969,19.87558,1.1073053219159346
230.13232035127078,-48.71848787983783,18.754423,0.3870940330527939
262.4865193074644,-59.97904009042389,19.702961,-0.02722451368919818
230.20460974857144,-48.58681929416132,15.881063,0.47189683886878153
230.1968855358236,-48.584947078658935,17.847282,0.5980583890602305
230.19767410533962,-48.58437223902088,18.123787,0.14586289937989086
230.2025877713831,-48.5953441125098,19.708677,
230.21971701808937,-48.58668119592304,18.035213,0.24851200033985407
230.2148954633693,-48.57753750232531,17.967607,0.2936668264729355
230.20858808452908,-48.57468133922077,19.302362,0.051509180859574455
230.21503596373785,-48.573757213341025,18.0024,0.3330561135791846
230.2114389026501,-48.58661843397342,18.654078,0.35293102822076367
230.2154660800698,-48.59171443868086,17.738913,0.6433786924538032
230.20045444437707,-48.58116644035595,17.510275,0.6360928097389938
230.21060606505472,-48.578481314292794,18.619476,0.057736554287092096
230.21777072274753,-48.58816119133629,19.331396,0.417824169382182
230.2190517603285,-48.586306725978794,18.639668,0.14313947061840673
230.2177541629497,-48.58430539803395,19.610813,0.6750157253017989
230.223889105498,-48.58098868223549,19.762484,-0.6174278733779988
230.2151793397819,-48.58179940808934,19.841103,0.7859242047193113
254.8448703360823,-22.644775047379802,19.786346,-0.7468083506517467
227.83709039813152,-49.89059719829617,19.54178,-0.7583943171313549
227.83078822331404,-49.892127687240375,18.109257,0.049687414823325934
227.83896611620568,-49.88748370518667,19.84172,0.22310273414651643
227.83658414970014,-49.886204575736194,19.747816,-0.2406848831441588
227.83858386559268,-49.90379159715615,19.916204,0.2672817271979213
254.8403367352552,-22.649888109706335,19.628197,0.3419270662302072
254.85094222063287,-22.645165520561676,19.073599,1.0470545260183792
254.85114817497492,-22.655537994798856,19.015678,0.4399591037240772
254.8528373809497,-22.65348878638256,19.990562,0.031946728443509105
254.85209769097992,-22.653470108068806,19.185137,0.4453969580181197
254.84616376477098,-22.655675120090734,19.879162,0.9684041749846755
254.85364125784426,-22.64640149629121,19.545568,0.9284342317533901
254.84565754877812,-22.64832352876278,19.984537,-0.6813687827623277
254.31388972907507,-22.08250064795603,18.767897,0.4362343349091304
254.31763151354957,-22.076337921429545,18.889288,0.5824592090373817
254.31119203038736,-22.078954137093426,18.566492,0.3255492480475498
254.3085347900273,-22.06912492635246,19.069027,
254.31334762477795,-22.077238945521625,19.598774,0.12339763652286259
254.30806105372946,-22.069782303513463,18.048454,0.36633765045195954
254.3555733446025,-22.103209740980667,18.704922,0.037319024354520336
254.35692517578082,-22.101970122145836,19.0078,0.2094555288680726
230.13446868075866,-48.71677572933533,18.11249,0.2934346212424782
254.35439331473384,-22.100744112763472,18.740004,0.0034845237287715915
230.14634445212494,-48.71780356795477,19.159811,-0.022433153291798485
227.89629721670894,-49.883538948708946,19.72396,0.11746828921171121
227.9000439271999,-49.88500799060101,19.748095,0.31266660875039054
227.85390482474492,-49.91573281839736,18.051758,0.09171217980786033
227.84448327960723,-49.91146874661701,17.839382,0.15373127798919578
227.85733904321287,-49.9108170863355,17.381792,0.2544499352930787
227.85248808486662,-49.90996381332864,18.174662,0.4363253900929434
227.85606443983377,-49.90932946218492,17.594757,0.9815191676549699
227.86036622825551,-49.90478061320504,18.510239,0.1429987212899163
227.85094858087444,-49.90570114268034,18.839138,-0.009619614884633814
227.85026967527403,-49.916474573691715,19.038198,-0.12554096579403676
227.8498311996412,-49.91438456624743,19.403828,0.3717573866091189
227.85973717142593,-49.911130347806974,19.176622,0.28132294879614783
227.85966914749608,-49.905301901717614,19.419176,0.38669782676379005
227.84021536970812,-49.90928099952232,19.18306,0.12183754630604589
230.2084636146219,-48.58292225047147,17.861595,0.46759954175567364
230.20834911750126,-48.58236947431433,18.332613,1.4349607121867787
230.21524071687986,-48.57956948901611,19.021572,0.6404780086554875
230.2074499731123,-48.58162384450704,18.299139,0.4355422808012474
230.21015922816295,-48.57922804177494,19.567934,0.1903396386565095
230.21161769791414,-48.577462022172895,19.736877,0.9025106511978079
230.21365943672254,-48.57530171295936,18.962193,
230.20761388763395,-48.574885877604956,19.504229,0.7521594957073512
230.20667453136636,-48.57515187859592,19.78008,0.3114206497467923
230.21149541333452,-48.573523094931524,18.74784,0.14337289717747234
230.20838706000526,-48.57395110316212,18.393661,0.10101037774681887
255.45944821941242,-22.406274474581753,19.370182,0.2749238966284867
255.4571041263224,-22.405026008812744,18.714073,0.17676797750863216
255.46483961651597,-22.39882837670818,14.725725,0.201528508325499
255.47405270983242,-22.406718020058104,19.8591,0.37520681693401003
255.4430826750282,-22.398981975703403,18.949842,0.5499831378630152
255.44334979527937,-22.410639798040634,19.473072,0.2148581223734188
255.44277692546515,-22.400209086958064,19.39038,0.43297816557027946
255.43823477068545,-22.40736269496482,19.142565,-0.12493336870736249
255.43971288568628,-22.407318731162814,17.271786,0.7620569854771201
228.26662825257216,-48.320272055600505,17.72792,0.5973537581625725
228.2640668950867,-48.320070532467426,18.05251,0.45549831307419375
228.2632456587152,-48.30832020851448,18.197285,0.4934705128777022
228.25767996493371,-48.30922240877576,19.711744,0.9037600836783639
228.2649607269125,-48.30339140417433,18.134975,0.385678362890197
228.28208772759763,-48.306414686767646,18.15539,-0.12521033033375073
228.28678984876248,-48.301435260113905,18.393126,-0.1781766219568048
228.2787067946877,-48.29742729684448,18.246468,-0.4954136808824544
228.26952202564505,-48.29728834572285,18.216345,0.45907076567476024
228.28617779399946,-48.300544967668515,18.730154,0.7661266971757248
228.27758321550948,-48.298764336213935,18.947437,-0.8854978584392682
230.20873068813717,-48.57217032209566,19.982605,0.4226079102105747
230.22233050751123,-48.57946965245825,19.996792,-0.19555659119167906
230.21942219564536,-48.584840588434936,15.318889,0.19782406756816698
230.2117744921238,-48.58445080217462,16.485352,1.3092928648321105
230.2171370345748,-48.58108029114352,15.914281,0.4471996181818285
230.21118244883343,-48.58095752290099,17.62096,0.5535583422290362
230.2120321344548,-48.579096609544884,18.729708,0.20867088947418566
230.2095141546902,-48.57768921813133,17.366013,0.24596342308403946
230.21383858503424,-48.57523183361168,18.527956,-1.1596188068661168
230.21185299752926,-48.57270027698191,16.33005,0.3618799267593677
230.21268410658604,-48.57148467103535,18.406858,0.6020207228657963
230.2088127032136,-48.58205349265178,15.10452,0.7559239897856694
230.21954454736496,-48.57947331977643,19.06496,0.26199902665112096
255.44192898462612,-22.40511827208651,19.322351,0.6193322901063261
255.4470515517148,-22.40147680909075,19.752775,0.10564488045382256
255.44104256535883,-22.40588252422279,19.999132,-0.09742714097272596
255.4381248554648,-22.406819216738516,19.23232,-0.06708010012766713
255.44551052787045,-22.40019426341649,18.8928,0.6195376082058512
255.43234801037906,-22.407200807242152,19.82387,0.31229757536483643
230.2161066937297,-48.578870431015936,19.576817,0.8333442630394798
230.19178162381382,-48.58660878989229,18.004412,0.42715757576264385
230.18377024475268,-48.585343931677464,18.329414,0.05156363859363007
230.1815662060129,-48.58285696724228,18.25608,-0.7396297318169507
230.18928372042438,-48.57481009630129,18.355066,0.030826571161403936
230.18927090222724,-48.59275098150788,18.340693,0.21737051008189395
230.1857511639027,-48.575851342237094,18.744469,-0.2506698345156069
230.18657925883377,-48.58545407252819,19.507893,0.44179203326671973
230.18204098138062,-48.58049554187262,18.457806,0.44069463667923187
230.18529400520436,-48.5745809765987,19.539732,0.5882525249550914
230.18625750524524,-48.59035258137925,19.991842,1.3556625990547886
230.18906784994232,-48.589171441564815,19.84844,-0.6091239812681384
230.19520050222533,-48.58076461393218,18.937906,0.09467789946250228
228.2772295504951,-48.3060236432612,19.297369,1.195352420685994
228.27886495785003,-48.30453991250013,19.413391,0.19365484818546042
228.28601119123095,-48.30127706493978,19.828228,0.6841549775502556
228.28396703293902,-48.302044764856525,19.70237,0.6255963264324448
228.28110359772404,-48.30078528697536,19.624207,0.32433535469019026
228.26573396995752,-48.30049868868097,19.644476,0.04094863626551051
228.2811783061123,-48.2947731232896,19.312395,-0.33447245991962
228.27507651170282,-48.29198332254149,19.93252,0.8618036940517356
230.17936317289644,-48.58383872949545,19.132626,0.3944347554508989
230.18302672666888,-48.581007254115356,18.828201,0.32786573118242235
230.18728881795585,-48.5791026306418,19.070724,0.13866208338751318
230.18059366482336,-48.580565561460176,18.45676,0.6890608519183861
230.1783772235367,-48.57858322541064,19.644394,0.349958123009598
230.18832725789557,-48.573946185826124,19.189209,0.7049150486668259
230.18562100166358,-48.57170907681855,19.32458,0.47591996615799015
255.45371706277461,-22.407397428264943,19.159067,0.3909100051818145
255.44409519188227,-22.40662356256281,18.124739,0.3392450573677776
255.4462015551518,-22.40116022202149,16.162035,0.7484498239423938
255.44070056603456,-22.403456553066583,17.218233,0.1862703087762562
255.4352794214189,-22.406625832020566,18.610184,0.1643960562254223
230.1940477391584,-48.5864296822569,18.965378,0.37042035998045725
230.18516878710415,-48.58848667153783,16.30036,0.270587867394747
230.19705523096366,-48.579810790799684,16.056923,0.18181273665382516
230.1936670139314,-48.579005633235376,19.670698,0.8507880177338071
230.18552936462987,-48.58082410153171,15.831943,0.2800573540744832
230.1791110194466,-48.5816349842238,16.120512,0.05107514678766233
255.44682377556586,-22.396956656920207,19.655647,-0.1144734669513765
255.45668926393301,-22.397773285829476,12.141853,0.8018595235263443
255.4532271561798,-22.387992698324286,17.955332,0.7316674858357012
255.45542262697757,-22.40110770401147,19.094877,0.7207488194769917
255.4562659131855,-22.394302813767393,19.95185,1.2524813412404714
255.45036169445297,-22.39769817852745,19.44649,0.3889558141737187
255.45157085446627,-22.396523176758432,19.893953,0.6475796309265839
255.45390585421967,-22.394663461369383,19.736029,-0.888283294775037
255.4496243985359,-22.39676900080587,19.874672,-0.7778497252057074
255.4447479155904,-22.39814721742566,19.477085,0.6178162563325363
255.45465471335288,-22.3889397917935,19.779945,0.04734733195679762
255.4586265560453,-22.3979553947836,19.943092,0.26603123994204264
255.46069208514206,-22.395818398412572,19.966614,-0.08327986395043814
230.1853556565099,-48.57776885092577,17.569757,0.6526313825010095
230.19868959046312,-48.577609489015416,18.26826,0.19258528476896514
230.1910202322059,-48.565054565324374,18.538118,0.23739478565223016
230.19445816913992,-48.56766030592527,18.700098,0.052338818964533136
230.20528324316132,-48.567796524533414,19.01029,-0.13709432287761766
230.1975226533326,-48.56031651680717,17.462523,-1.741096046697448
230.20222928853795,-48.57708457001552,17.817429,0.43390965675627924
230.1960109290071,-48.562066938151034,17.80723,0.36258419124834057
230.2026547071171,-48.57819355768465,18.479654,-0.050896384000785236
230.20460536018277,-48.57399176537236,19.5491,-0.34216303208063786
230.20384352704778,-48.572196382523714,18.303827,0.7297429011986578
230.20117692413046,-48.572357050519805,19.537397,-0.10786345629470812
230.1984754131288,-48.572887273224396,19.985483,-3.1569365660097426
230.19173255038152,-48.57304822365656,19.63876,0.6449821442663586
230.19327509652402,-48.572492930211965,19.784307,1.0011535182310982
230.19701861583576,-48.56895601889274,19.05447,0.04810512827176271
230.19992405729266,-48.564825527016296,18.902082,-0.02322273094438699
230.20152697135578,-48.56393052502923,19.250088,2.2007252837276248
230.19505540104876,-48.565410915157734,18.119055,0.6712617887237656
230.1919359732531,-48.56553347931559,18.39599,0.2260858460409919
230.1980467243165,-48.56340150434008,19.228815,0.16325471092833704
230.1992352807371,-48.55928980964149,19.361546,0.1978097477015615
230.19977536752987,-48.57831310977831,19.982843,0.16788690386119953
255.45306253111613,-22.403127833825966,19.866663,0.13238895988600144
255.4454823650718,-22.396497687253515,19.953735,0.4173450537248063
230.20427467110306,-48.57205202189759,19.08456,0.8081119238745604
230.20308497912524,-48.56827301533799,18.710514,0.4268006721607598
230.2022810431269,-48.5627403868732,14.095397,0.9253919915124964
230.1996127993992,-48.56307679248573,19.436565,0.9725998587928635
230.192706725944,-48.56418990363976,17.183231,0.6554626133733434
228.27750672542334,-48.306548617853224,18.3992,0.12468530872819926
228.26914245752872,-48.29868647556932,17.89135,0.22230566561803392
254.65863298645883,-21.909148231988137,19.869387,1.072522120045471
230.20135476181605,-48.56165366284234,16.175386,1.621616337969088
230.19558900288465,-48.56075181111394,17.009743,0.3219072959678769
230.19869391594605,-48.57297930647476,19.865334,
230.21036307764845,-48.56964419224958,19.243176,-0.13010803831680406
230.14331718073703,-48.59122810405752,18.601006,0.21748443752569263
230.15673431955426,-48.5931498889611,18.889456,0.4132943499963388
230.14529060111298,-48.591152963553746,19.290184,-0.05098072304935474
230.1495704417292,-48.58549426504554,19.119287,-0.006505971728160217
230.1536455937085,-48.59572247782536,17.346544,0.5410495533547297
230.15137893517894,-48.58701050690799,19.576172,0.9237752699206117
230.14660805273346,-48.591242063824104,19.502457,-0.7245876036386966
230.1569316469789,-48.59865350574463,17.580503,0.6286624310867006
255.45690659182927,-22.402564281052108,18.573559,0.4776416455351106
255.45584259360544,-22.400359780419524,18.485899,0.18816882990400838
255.44926708783484,-22.39753079569617,19.785215,0.8849939191565356
255.44822497421652,-22.396477247332083,19.115616,0.04634246957368378
255.44565032291368,-22.398344405549523,17.77652,1.0976064791256694
255.45618637039973,-22.398502244681744,19.21434,0.8395709963786677
255.36789390189364,-22.46440960593256,18.202456,0.879649953780864
255.365574667453,-22.46456744958661,18.552912,0.08859414695537735
255.3706728036101,-22.463615073760927,19.546556,0.06200548534718845
255.37596150879648,-22.45764355721686,18.715342,0.15884418710054624
255.36673256734608,-22.452988968668375,19.392195,0.37840444950192337
255.364438796665,-22.452954368651984,19.543388,0.6383763852824939
230.1455253650065,-48.710205748875886,16.262037,0.4933288589971146
230.15127501279292,-48.60021226383313,19.843676,-0.1713266762739736
230.15567393746886,-48.595975386478194,19.233387,0.06250328961852081
230.16134357634985,-48.59277130244426,18.798876,
254.35142119879964,-22.09787871950558,18.458174,0.8833986236646677
230.1611107757288,-48.59322934608152,19.920311,0.8190895357362858
230.15587239087063,-48.594500193022384,19.462267,0.5496816420280854
254.35412628161032,-22.097665008062606,18.062803,0.36130418305888806
230.15502534712147,-48.591957072593615,18.907804,0.22969110488413902
254.3535056301065,-22.095077966556996,18.500656,2.260196054112984E-4
230.15051798766237,-48.582706436041896,19.63452,-0.10989752167593134
228.4873270472756,-49.01485805626957,19.828184,0.9728926306152544
228.48762117658157,-49.01323617378629,19.876152,1.070328451680096
228.48449257661562,-49.01398376699874,18.940094,1.2880082598718734
228.49036236298542,-49.0112200816169,19.195116,-0.5638262997981058
228.48863062480066,-49.01114756494352,19.77366,0.8237579223592315
228.49531796219483,-49.00840222466618,19.794304,-0.03465550399877838
228.47845405075802,-49.01219680668888,19.218258,0.3599169723731332
228.49437924773218,-49.00697870004397,19.294586,-0.08815335701945776
228.47638738326359,-49.01133559604952,18.567678,0.23446815978642094
228.48026955892394,-49.009192891472345,19.53767,
228.47953235584254,-49.00912471374171,17.411741,0.5805607916237678
228.4918660999382,-49.00499892593547,19.197645,0.5875255968554081
255.36040710765639,-22.45951148112062,19.039167,1.6373055588364713
255.36031331903894,-22.454079782531437,16.975721,0.9264580155165366
255.3752049813284,-22.458607928920188,19.017078,0.11314553918845346
255.36592114590943,-22.465524794160803,19.92594,0.38877666024043334
255.36958950889186,-22.460433325762214,19.971107,0.5514811646147039
255.3648631558577,-22.46157512119722,19.555906,0.2984514859381996
255.37003429892977,-22.457144507711263,19.940462,-0.3046493927172913
255.3647870573959,-22.459346576424036,19.835413,0.8644294152297451
255.359442743608,-22.460637404481027,19.647995,0.3947567378654129
255.36173292659097,-22.45863199366301,18.57913,-0.0765408966262893
255.35854554804004,-22.456151090849374,19.969757,0.5558863632333955
230.14207612222128,-48.72520146417875,19.683115,0.3400287060902148
230.1392598462261,-48.72544768699523,19.485916,0.5830226650507386
230.1434573639696,-48.71705136695365,18.864788,0.14439034243036947
254.85137126851834,-22.6531957808418,17.758408,0.2829871059050431
254.85071481003052,-22.649844485015578,14.65938,1.2642441625149023
254.81991959246113,-22.65154880106042,19.895575,0.5115464659623065
254.8352647313134,-22.649319965046555,19.293741,-0.43698480128611755
254.82815981920635,-22.647900582840826,18.972794,0.8429060047851014
254.82749096866777,-22.641074063160094,19.178553,0.11689503173281733
254.83261268599193,-22.653092610617655,19.735466,0.6429730324328681
228.27582339934034,-48.29377353934908,17.126137,0.17034110137303374
228.33270917973536,-48.328338838371664,18.68242,0.2847762127612885
228.33011333036026,-48.32301338836437,18.78038,0.07504567215806923
228.32699172313647,-48.324731559909004,19.144733,-4.462678853698089
228.32885529553567,-48.32293581284547,18.92142,0.11874615453897792
228.33384039430763,-48.33114744725716,19.397224,0.3083514526118327
228.32607234446166,-48.33004903571477,18.937714,0.09692033354577843
228.3350071665129,-48.327617454305646,19.236895,0.38172271884460457
228.32848033446456,-48.32900967422313,18.944294,0.044427948709973755
228.3254699749344,-48.32867335118092,18.99876,0.40624388495115765
228.33184649773878,-48.32475166992434,18.593876,0.19348306429980558
227.12160116002133,-49.43759498664071,17.684233,0.38358612648250207
227.12435520145857,-49.457188229232756,18.48579,0.45024967221958256
227.12166995006103,-49.45046765933373,18.863504,0.2056753962920332
227.12993165234553,-49.44794353400488,19.925503,1.6963838278050367
227.12155186240298,-49.44265843400192,15.827649,0.4223905562251194
227.12175329439472,-49.44107695445317,18.36148,0.43312991781107324
227.1194057375431,-49.440401858264096,18.633327,0.4632970132033037
254.75148292290572,-22.677258561155135,19.19525,1.0355784851674383
254.65853158223015,-21.916795481199664,19.977192,0.04284058249335639
254.66036745165096,-21.919491021796436,13.872685,1.4793074587032107
265.26490138171175,-59.912269074116075,16.450802,0.787194161512047
265.2415947255842,-59.90202796932097,16.064844,0.4845692400368484
265.241628906963,-59.89767749607304,19.55522,0.4705868690573404
265.2074413031697,-59.93034191050093,19.13972,-0.11465043458455637
265.219820414022,-59.92728533162927,18.376104,0.3808582724309148
265.2097549872528,-59.92112561100607,18.23265,0.11563063508111282
265.20280509201336,-59.92139854687671,16.830236,0.3981165695665116
265.2065643830558,-59.92231013227176,18.468124,0.6318875593329291
265.1991410154936,-59.92041461823284,19.487146,0.30219533024035755
265.2024163667412,-59.92611121328667,19.715248,0.1934098812469478
262.5087643272784,-59.99386276443361,18.722853,0.5069626777830611
262.48836842800984,-59.974933277472964,17.437735,0.6304668055339843
262.48869616837413,-59.97617637908522,17.946188,0.41627955796102434
262.50331784050337,-59.985715005962334,17.246935,0.16109312973898499
262.5055742907654,-59.9929704504537,19.750143,-0.0358340642159883
254.35149345269747,-22.0947474720444,18.31104,0.46211352679220163
254.34546877528746,-22.09390398487066,18.799238,0.25904176630001674
254.35143988140027,-22.09294503163499,18.956686,-0.045227522591291536
254.34956343748522,-22.09301293823958,18.776558,0.31573101196334186
254.36134801777928,-22.09173527815764,18.479933,0.33317595783083237
254.35570234736613,-22.086093283022198,18.192757,-0.11339699467459656
254.35927425837136,-22.09606886525941,19.673426,0.1726289267951498
254.35003244266758,-22.090427905485726,18.95506,-0.018259430026112432
254.3555206660323,-22.10469385736893,19.20325,0.29756255787025576
254.35648008624034,-22.101370028009953,19.718878,0.07070654601322635
227.84606059091334,-49.901197866792266,14.74796,0.21944501330555083
227.83728404820522,-49.90185186049709,18.879679,0.6507598771493835
227.8346924477563,-49.900168795694945,18.937643,1.5157250529416286
227.8416648994539,-49.8977460214427,19.760494,0.3432975723485274
227.83443121012075,-49.89859835330363,19.948473,0.3428716849707035
227.84253311375724,-49.89347770388401,18.20711,-0.11998499398350203
227.834293031859,-49.89459418409314,17.378847,0.1256523296897024
227.83886398553392,-49.89173238369182,12.817884,2.691357481166809
227.83432815895088,-49.89221330857465,17.66137,0.09530900989434153
227.8446161957152,-49.88906428592533,18.289953,0.1454212871111872
227.84704761343514,-49.884949344335986,18.347998,0.1554745760667293
227.85210912651638,-49.88293457772575,17.676077,-0.04181148083724462
227.86180614733897,-49.88314573092695,19.669874,0.2379525293299136
230.15062673780776,-48.60080884712707,16.835398,0.942273180231124
230.15753881998708,-48.59808842770432,16.956,0.558546371666889
230.14507380090276,-48.598152062503466,15.40029,0.06345500943390638
230.16126737364272,-48.5925694198229,15.7885,0.24712703553678333
230.14854678409552,-48.58300535834525,15.9557905,0.5830586002921919
228.4881865702935,-49.00266735902061,18.980066,-0.48307379941089557
254.83156807669658,-22.65240753085964,19.235962,0.04871701690136032
254.82688621766854,-22.649745624427936,16.124071,0.4022271086125063
254.82660814078812,-22.646051498401132,18.29598,
254.84207019932975,-22.63308649751815,18.133142,0.15356592669991184
254.83678621477907,-22.644669774912824,19.789831,0.8864167536101445
254.83951467649223,-22.644543887316534,19.541721,0.42938935452061167
227.8456999023876,-49.88473741900364,18.368912,0.21811869054918195
227.85505016861833,-49.881260155539316,19.96305,0.1402472822149501
227.8523400554843,-49.87769787322138,19.691202,-0.08442403331554654
227.8499980492275,-49.87792826686978,19.976793,0.2885238865791911
227.85255931004198,-49.89196235703293,19.686708,-0.05676757604524667
227.85509452297214,-49.891147058395646,19.78666,-0.14832100527452607
227.85479335264193,-49.883032657503364,19.958431,0.09371274063723459
227.84655005936077,-49.88222560230984,18.84168,-0.20416093058643842
227.84582021544176,-49.88145047045638,19.718424,-0.42950096350305345
230.14403200665376,-48.72119905102429,16.181269,0.6052650813457937
230.13663447379784,-48.720536704252574,18.274042,0.1804058880158596
230.14876633275293,-48.71551852190184,19.17792,1.0898098731457921
230.14111573462324,-48.71535778781758,19.927889,-0.38750781037271653
230.13224190392089,-48.71276165378593,15.729021,0.4899472240610585
230.1402609364808,-48.70759635801492,19.800941,1.3004460432527947
230.1428518695824,-48.721382335498284,19.171337,0.4287878819184112
230.14277294091505,-48.715072490536215,19.67774,0.5351837150185412
230.13480662895674,-48.713221965898605,18.396492,0.33788289919071895
230.14578187252505,-48.59855141268441,19.96991,0.7829538528223936
230.14691261264676,-48.593721676216035,17.646685,0.2312367792234282
230.17127844704868,-48.583092658341144,18.05601,0.7800050793301178
230.1711412007406,-48.580336828113815,17.996077,0.25889357431462257
230.15173978017427,-48.58312239998797,19.194054,0.5470502416696479
230.15635235406546,-48.583581608821966,18.883797,-0.10417773145030204
230.15951831142024,-48.588015687702345,16.657747,0.6882403733725261
230.16658036638208,-48.58502391154636,17.514414,0.20836554156041454
230.1595919251117,-48.57733477567012,17.835608,0.5084656542605555
230.1545760707586,-48.57698849685326,19.83134,0.34773973454178814
230.16902741438983,-48.58407975238009,19.350134,-2.9868003050894973
230.16419025313496,-48.58755294096769,19.797302,0.20638127606340137
230.16992109828237,-48.58489166076374,19.980148,1.1885810603585316
227.11616325399305,-49.44454786126839,19.6753,-0.38061713228384403
227.13134074206152,-49.43310638405158,18.336267,-0.16918779041601192
227.1357629895199,-49.43232935190176,17.131062,0.21286226321648682
227.14343891564013,-49.437860802992645,19.363003,0.17165935976658278
227.13496249335475,-49.43666395591383,19.042606,-0.08967074779550945
227.13312800669897,-49.43332959378458,19.140366,0.26428494923229334
227.1291139930306,-49.43343641975194,19.11891,0.18967758718851818
227.14063090427635,-49.428404089777686,19.363354,0.17809575924899723
227.13558161290675,-49.427374976293166,19.547853,-0.018662263758515943
255.36684190439115,-22.464966815616844,19.755934,-0.4524972256369798
255.3696618032179,-22.458970009612333,18.890135,0.632119550223765
255.3648215123483,-22.46257834666405,17.668463,0.6171459208055451
254.36343129198303,-22.092903739206218,19.683777,0.927269100765759
254.3617746610182,-22.092326723041882,19.362247,-0.05855101602078012
254.35310474792206,-22.096028521645618,19.90151,0.2776214185320325
254.35372700281874,-22.092401306930643,18.90672,0.1982434981572213
254.35831815299952,-22.089699419502587,19.425821,0.5107019193080687
228.48529977870217,-49.017649336416746,17.04414,0.2588981691588959
228.48301995878572,-49.0176968859498,16.162006,0.2990815836226005
228.48486618404473,-49.015171026007906,19.226715,0.4242668626673906
228.48391714512462,-49.010370471117945,16.134916,0.11497201364074672
228.4758930324204,-49.01128295765419,19.829926,-0.1978594384904841
228.47436476796912,-49.005405109477685,17.197645,0.30796860666959675
228.4804077520265,-49.00330596447387,18.295364,0.012221703662015419
228.47887120252395,-49.000660919241014,18.40139,-0.2700775999202552
228.48552284972007,-49.01465591248408,19.893332,1.384752572611083
228.4797890236938,-49.00996745393741,18.450863,
228.49579747270838,-49.00053457286216,19.002108,0.2752775710911397
228.5054180163319,-48.995837837096445,19.09139,-2.772074387980449
228.48702693449135,-48.99842637761678,17.347464,1.054135544156209
262.4733570520532,-59.99294625532942,19.93781,0.18257659149064456
262.4785022934697,-59.99352414534449,19.312847,-0.5201576359460062
262.46910886449524,-59.986914269790454,18.588282,0.326347413553127
262.470980939853,-59.98293219980736,18.567963,-0.10086094940937257
262.4632117628974,-59.97883019428663,18.265696,0.6391944765790567
262.4611332342633,-59.97990690712528,19.371145,0.0401306208189216
262.45226888829535,-59.9821190399883,19.970758,0.45795786008346445
262.4626351509755,-59.98111473149505,19.45502,0.24961134319245684
262.4641626523218,-59.9835446547592,19.335566,0.45400675804040347
262.4692893466559,-59.98527214892523,19.02765,0.0010621066700175399
254.6655539340396,-21.914153473396865,17.852564,0.7974489923552049
254.66727082080467,-21.911534888481576,19.763699,1.325618257716373
254.6663944740782,-21.910331863751654,18.052614,0.379853945710231
254.6561622264135,-21.91406271223985,17.046232,0.3941960328881765
254.66721921838885,-21.91439187056443,19.958542,1.1561435698189364
254.71613504748282,-21.93527542066418,16.095034,0.583584574606625
254.71035292275286,-21.936670446820987,18.693386,-0.0020895590872368336
254.6994749801544,-21.934360387259012,19.197302,0.6271388509322037
254.70959897646466,-21.931406138195943,19.258865,-0.12412955256529146
254.7069520719194,-21.942783833996263,19.037024,3.1252956734354975
254.7087122406943,-21.93921572943562,19.435497,0.5636506257785255
254.7083753777034,-21.939364027513243,19.82151,0.6447724234453289
227.85776978589726,-49.88947563224191,18.364569,0.05984719703579046
227.85373595662014,-49.88496308273706,13.882094,1.3439313182676225
227.84547180320203,-49.88188683105227,18.285517,0.23716153043475532
227.85041378334853,-49.8839569399133,17.29706,2.0175501245337792
230.1643478587442,-48.585711130285105,19.483557,0.20915480378094442
230.15738053534048,-48.586794879148336,19.776909,0.7837844695897175
230.1583294778323,-48.58643290443001,19.73271,-0.007919887900378859
230.1624685410732,-48.58092097219159,19.755632,0.42730898640795406
230.1619449005637,-48.57890362464844,19.324558,-0.06195701698675942
230.16620912030407,-48.57753609185553,19.593563,0.0444345027277928
230.16348213128956,-48.576799784185916,19.893744,1.0812485500109306
230.15903374522605,-48.577763196335304,18.227999,0.5704410524130433
230.15903187778505,-48.57644471129158,18.760437,0.5615181805927395
230.15511797548888,-48.57588098623096,19.025469,0.29950413339247894
230.1560643419455,-48.575332677286994,19.079632,0.7032945944256744
230.15943039622218,-48.57383005444671,19.840166,-0.3132110357484647
230.13633300491625,-48.71359623677382,18.679695,-0.00845592563895042
230.13333389324325,-48.71297555998821,19.161646,0.25366824607728267
230.1353002580484,-48.71233854183197,19.997784,-0.38092417098932846
230.13412356372882,-48.71352622184793,17.097406,1.1940696662125565
230.15256438302634,-48.71182310903627,18.86221,0.16102874482676713
230.15690076526175,-48.70971939004083,18.335577,0.3773280979252686
230.15618538565073,-48.70501904168595,18.682777,0.07045542323893031
230.15328085675645,-48.697695343950265,18.4407,-0.05487152078632182
230.15961810432037,-48.707338540400436,19.73202,-0.23007599395839898
230.15017250282835,-48.70602082438594,19.524246,-0.2789979447804459
230.14469581619497,-48.704874325027234,19.910032,-1.0518762850862775
230.14473560661722,-48.70293518553687,19.189049,-0.3365740267356495
230.13948198211688,-48.70402385136348,19.967405,-0.4443194260569201
230.14787073406333,-48.701221749904235,18.384958,
230.14215062605965,-48.701834834781614,19.83544,1.3731056904401662
265.2262368533318,-59.935108238011914,19.37172,-0.057462330830218136
265.2206986941052,-59.93167733831289,15.569454,2.4589136505546247
265.20174653103624,-59.927288910192935,17.416845,0.4153970407270213
265.20372510702174,-59.92129595392939,17.561096,0.23190227421777235
265.20026456549164,-59.92504279497865,17.92872,0.950641098395873
265.22902910647525,-59.92127585023973,17.767233,0.24564405436772857
254.8349875951906,-22.636932339300504,19.904045,1.538335279516283
254.83618997875234,-22.639377336776132,15.686271,0.06327678389203514
254.75102914339774,-22.706187272626295,17.612799,0.6419470474215617
254.754210745827,-22.70212670411832,16.226055,1.2486847687375011
254.7557390794369,-22.703129985688836,17.846867,0.23910327772972964
254.74467071613637,-22.69966642393645,19.578802,-0.01624565445966314
254.7496090723052,-22.692112697645868,19.408644,0.7685470890595633
228.33596122156973,-48.32347042063145,19.16658,0.0476393698804817
228.32728532401433,-48.32408257355169,18.800278,0.009316046546881793
228.31850428183907,-48.326129087219876,19.070623,-0.037653013766113935
228.3170237574474,-48.324277886632096,18.068224,0.31433102507583316
228.31730050717755,-48.32351051550381,18.598478,-0.27720565360439126
228.32545635966838,-48.31962799050095,19.717123,1.1502414636908629
228.3210524396307,-48.32005429118231,19.545853,0.4773108749524291
228.33046129706858,-48.315817652221675,18.732016,0.2085147623976497
228.3254233377498,-48.315857863056415,19.115147,0.1526683859349102
228.49716707751867,-49.00405666597572,18.986423,-0.20064523688839064
228.4914240879414,-49.00214508483755,19.628689,-0.003166728474120426
228.49231310675668,-49.00174627283334,19.862396,-0.29671780745335696
228.49527111693595,-48.99951972166892,19.261906,-0.24420957694806075
228.4881065254106,-48.99992948461737,18.909218,1.852267162572027
228.49229390364835,-48.99649551141383,19.34347,-0.4518419304735139
228.48953705587698,-48.99201955877685,19.6288,-0.11665883999017757
227.87710741206186,-49.886252961885894,17.86397,0.18016884031981587
227.86827684336433,-49.883185338615796,18.263525,0.060391102526696966
227.8743970018489,-49.87668181789823,18.155685,0.00435525424373317
227.87976297571632,-49.88533197123413,18.547865,0.2970506138892117
227.87157153473018,-49.878089196816425,18.767078,0.22084176639437064
227.87327614013736,-49.883952240416455,18.842976,0.25915240707976506
227.87786580530152,-49.895404303267824,19.964544,-1.8586258549724226
227.87837234435082,-49.895638674455846,19.548262,0.6482178026512825
227.87865700985301,-49.893104717057525,19.680302,0.3752783505869092
227.88089976413008,-49.89094401926556,19.573246,0.6434772564444823
227.8771824811036,-49.89125496925972,19.24968,-0.2544180228450848
227.8855325861003,-49.88662274273976,18.904366,0.017433053583801626
227.87185049178365,-49.88927388683452,19.836817,0.368913329537772
230.1833721657782,-48.71816331100827,19.617308,0.41340781713417
289.1320951540239,72.40207752605642,17.928278,0.4490238359893824
289.1425741819653,72.40647938587192,16.122044,0.3962115023815495
289.0681673967793,72.38757497402251,19.668917,2.041662882949726
289.02579722631987,72.39153326950165,18.626625,0.2963198405807712
289.05040878957954,72.39919322898022,18.150625,3.833546076915187
289.01511592361686,72.39665944485886,16.606035,13.051081640665515
289.09612223961113,72.39395417839407,19.651924,0.19236672836271174
289.0789200278183,72.40037974873785,19.043444,0.39247693871112105
230.16407441323577,-48.5902096315092,17.957903,0.2851239818632393
230.15198968724803,-48.69350158587658,19.919447,0.13986021173432514
230.15981386058684,-48.7012847001082,19.735596,-0.6290866675600345
230.15809167014547,-48.69913546871354,19.989393,0.8569919049331577
254.35698827444168,-22.08986557274146,19.775043,0.37595918952198965
254.35630618446817,-22.088847812240676,19.737267,-0.4807263921614811
254.3551306214399,-22.08791894691617,19.565664,0.4501015573846504
254.36242618486,-22.094927739028105,15.21512,0.12970275437845463
254.3584551513566,-22.09047461163599,19.526073,0.2219126131004609
254.35406057184045,-22.090617189485954,19.398813,-0.9829134707332176
254.36973875869361,-22.08906139414259,17.198858,0.37053137154379834
254.3744370336112,-22.0874171728412,17.217705,0.09366428380473735
254.36711684045449,-22.085830509921628,18.830303,0.8991132772608533
254.3680872561444,-22.08185473759071,18.8953,0.45774984515379
254.363752812995,-22.08092570807407,17.245329,0.22502792222471346
255.37070784902266,-22.45506575819565,18.399883,0.9290941993625674
255.37118888222201,-22.45294255685502,16.336788,0.14562145073527
255.35884598608084,-22.460610016916718,19.381226,0.7258491158555952
255.36128614059083,-22.45863815557799,15.6979,0.360689083630199
255.36859711996814,-22.452588754076025,19.087255,0.9242692387509815
255.37731692500785,-22.446054079945718,17.93847,0.5161799109763507
255.37360543141963,-22.4427098279457,18.127655,0.5543262666997284
255.37994420513,-22.455004271454516,19.690617,0.8111180074331931
255.37506596533476,-22.44989114975702,19.098957,0.6295051893443577
255.37235373043018,-22.449556543717602,19.460274,-0.3750125858147808
255.37074800792388,-22.44862959324189,19.279099,0.33253046525997815
255.37326621704977,-22.44340516030515,18.505148,0.17221536533090348
255.38320520065037,-22.44663154144126,19.954668,0.6649753815590822
254.75198871202886,-22.707232902536003,19.437302,-0.0871113158477538
254.75000668974724,-22.705262426908746,18.488554,0.9703847030560221
254.74575836640133,-22.70302876110662,18.979378,0.2854667457451564
254.75508668428714,-22.69827940489901,18.972095,0.9006652068096127
254.75703052258044,-22.695732064292358,18.744484,0.7585168559596548
254.75435131721713,-22.703401866556906,19.11731,0.417775092239249
254.74759688822192,-22.705209788392835,19.812548,0.6423783892037657
278.69393375276815,-16.17061457019623,19.194098,-0.09980749590321342
262.4718977501121,-59.98952064932746,18.337744,-0.13702477710120062
262.47610597353156,-59.98821263084167,19.897228,0.005475028355455928
262.47555584238535,-59.99517261936487,19.09324,-0.10444216287369101
262.4526090773164,-59.97690404285341,17.403513,1.6404776840270225
262.46052866838767,-59.98071960622366,18.82608,-0.9257694713444
262.45427343476166,-59.98382155012944,19.534748,-4.011767184117473
262.45731566247235,-59.984061337420414,18.904932,0.5057171137872225
262.4633443605818,-59.98479485897511,14.822191,0.6547318927919794
262.45965244409143,-59.98822938318793,18.749363,0.24918051419387005
262.47185404543416,-59.98655106886332,17.79308,0.29533572909327305
262.47528953841766,-59.98640682172397,19.265564,0.13552594142268712
227.13720693020915,-49.44312687630447,19.971127,-0.45078451228593486
227.12900460925923,-49.43537993530369,18.870861,0.8675337637926599
227.13038686849293,-49.43666626021278,19.649946,0.5605348817554968
227.13542074973486,-49.436728195072604,15.2355,0.3823381118455821
227.12851162482423,-49.43730042797227,18.150137,0.1607199123838799
227.12837529067275,-49.435373007633444,16.75202,0.8136870170332533
228.50193685293968,-48.99584497172549,19.088715,0.13645492841028012
228.5004691529782,-48.99395604188427,19.07592,0.28999566965385226
228.4996682490556,-48.989196246475885,19.51545,0.4243605864634084
255.36404683148245,-22.436612167559044,19.52691,-0.4496736643993191
227.88401481144035,-49.8830138337444,19.46269,0.19950760782907973
227.87207361079786,-49.884933943437304,18.178205,0.18277830113113505
227.88177291742386,-49.88068998335061,19.721457,0.12811098706731344
227.87032247800147,-49.88358671529045,17.791567,0.062161747946608746
227.87640770075424,-49.87625809282053,19.141531,0.9976447742013169
227.87522148529777,-49.87561777498168,18.717731,-0.3376311146864113
227.8760761928235,-49.87364019176053,19.48525,-0.23249200109826945
227.88165248474155,-49.87745420467592,19.789505,0.3135737337537509
265.22073022972944,-59.91997528788642,18.982597,-0.29166254282036863
265.2277168933548,-59.9154258930556,18.896048,0.6389729071274786
265.2209569653583,-59.91542823995131,17.419764,1.1170205579226244
265.19885111422116,-59.91186677972,19.53856,-2.302530919791676
265.1983632077835,-59.90487371812653,19.16757,0.26230162247009947
230.1688040442074,-48.58545402914499,18.598783,-0.2151735814300662
230.17039164374054,-48.583616817340896,19.928732,0.2226593350586951
230.1670746797586,-48.58318951103952,14.81307,0.3840632394156411
230.17053626350756,-48.57844462700943,16.856491,0.4852021398943738
230.16743387749833,-48.5761666762939,17.091618,0.29150618686392676
230.1556313004863,-48.57817055951856,16.742191,0.693850294591351
230.16125048500524,-48.57221077941772,17.752687,0.12350300883639004
230.1688604606747,-48.57738342587119,17.086117,0.07521136868343035
230.13204366837343,-48.578735832282305,17.8561,0.9629487283011219
230.13786026234553,-48.58732604208204,18.973068,0.07050798030719346
230.14566400557797,-48.57966051378264,19.088726,-0.11424042650559094
230.14264647121476,-48.5835462117908,17.564127,0.07414665474732389
230.14740769347657,-48.70084062293237,14.747777,0.1909445522290767
230.16116369098114,-48.70488811811284,13.528578,0.2365548932781493
230.15202678742037,-48.711214496908624,18.814466,0.08352952692449823
230.15907765933568,-48.70717004665451,15.776316,0.6960970808680017
230.1490185797859,-48.70999271742564,19.144535,-0.16463805356308805
230.15306035952386,-48.70682221308854,19.976637,0.10836668639828725
228.3344794151153,-48.33058205014195,14.281691,0.23594685519824485
228.33060548807345,-48.32631606270607,16.042114,0.3334903078650273
228.32438395574962,-48.32458352319545,16.283175,0.7307605936445856
228.32631958846275,-48.31733342222256,19.338839,0.1794189675804031
228.32845961204163,-48.33475033367698,18.072384,0.05620692530771658
254.70730667331202,-21.938195252612974,19.689606,0.1884388324983155
254.71007639530626,-21.934947717317748,19.606571,0.022263397973879002
254.7011120338814,-21.931901645112212,19.88674,0.8022139277862979
254.70635642339403,-21.925643522772457,19.663626,
254.70833821294758,-21.942169534470697,19.926058,0.5208380584781893
254.7123925476982,-21.93678906754509,19.944492,0.06886517477891935
254.75676862843181,-22.699058758588823,19.870655,-0.723707770686682
254.74474472184954,-22.69700195121593,18.243916,0.23314306634438858
289.0850779754981,72.40559768454257,17.07598,1.2295751273185347
289.03755595045726,72.40895544973533,19.7332,0.6464994957182896
288.89619647262396,72.35676554351576,19.962265,0.41215359898968845
288.93061897655167,72.34375608347351,15.623103,1.0287111109988483
288.90883370154273,72.34955555443332,15.124993,0.7657554451760443
288.90887378315983,72.36451837899926,19.447939,0.13444050590279175
288.8530925811948,72.36813675454616,19.173182,0.4641305385180598
288.8827016313221,72.37559158675751,17.120773,1.3095365420054554
288.9497312395513,72.3813059127503,17.381653,0.685537096370379
288.933541227568,72.38625033915743,18.396864,0.05943482194345235
288.963484776714,72.38942228946108,14.601199,0.6836735083468195
255.37623718778082,-22.446651635192755,19.816265,0.3085539898461013
255.37637793349896,-22.446182508292754,19.350231,-0.4323963342607556
255.37621489879058,-22.445587333558226,19.397163,0.20199779298671483
255.37508664579016,-22.445501561444733,19.502163,0.5210477136471072
255.37521244459074,-22.44449540374578,19.841068,0.697682670764344
255.36982849275674,-22.44640564741263,19.799955,0.08491647706307935
255.3732875711507,-22.45027835488632,19.964706,0.7731238501410572
255.3732758186832,-22.441227989943158,19.878515,-0.30629324995735135
228.48885473203842,-48.998973285484794,14.460097,0.8739454686273936
228.49583025530146,-48.99422330966888,15.572296,0.14428296074573874
228.4970585492752,-48.99292089643201,19.743107,1.5821380709011272
228.48933122529687,-48.99485832211964,18.332777,0.3004286647440316
228.49469302888977,-48.991730686160956,17.99126,-0.007661130235556649
228.46683465129803,-49.00216296278108,17.788671,0.12018602203186399
228.47244712995683,-48.995017631083705,19.072147,-0.009189257180637699
228.47857062981936,-48.99279809392613,18.183945,0.5496936007664005
228.46067239714472,-48.99257125344947,18.064196,0.30766610657690946
228.47230666732625,-48.999054752130014,18.256025,0.2859895653508558
228.46448686180796,-48.99247948209299,18.298428,0.7835134036702325
230.12918374319688,-48.576389092346275,18.369757,0.23484351374312362
230.13707985641,-48.583036376113746,19.600452,1.2743897850395722
230.1461077578507,-48.58301290706689,19.63598,-0.0016624599610053636
230.14218186521268,-48.58078515626986,19.75394,0.48396340065042676
230.1319639862651,-48.58190746615395,19.35984,1.3756107735973901
230.1445794131083,-48.57748327478845,19.177172,0.557966483794524
230.12669681727675,-48.58087154551143,19.180777,0.869031139780492
230.14322105537514,-48.57607320067479,19.043203,0.15903472852105313
230.13644858028619,-48.57557125876277,19.121632,0.041881891216935085
230.13430405451308,-48.572558534278606,19.667517,-0.2135528328989475
230.13614362780865,-48.571859515195044,19.730024,0.8011539581533815
278.79223042719826,-16.40846946355655,16.964203,0.3775574377984067
227.8789397979762,-49.89450352048384,19.690437,-0.31009488421761416
227.88240134068462,-49.89097681011712,16.672535,0.45174064119190815
254.36243749562007,-22.08879761474358,18.867548,-0.04585246387420192
254.3636420424117,-22.085322587179085,19.089935,-0.033265218814165554
254.3654610954464,-22.084456862788166,19.070929,0.5511948796078144
254.37393264585222,-22.083358003938084,19.714865,-0.31116527201881666
254.36012582447316,-22.086465475476714,18.988615,0.3367479106390781
254.37326418565775,-22.088083235585554,18.631426,0.12533805882313037
254.37185037439377,-22.088373792800777,19.587492,0.10507104315040859
254.37160380799668,-22.08608743258268,19.624882,-0.7132792135782773
254.37331030277804,-22.08468046314935,19.601059,0.12057225742428154
262.4737477863105,-59.987923347288024,16.760794,0.25105504090026687
262.4696281533979,-59.98949381192581,15.446874,0.8409373064452772
262.4779321248245,-59.99127206001674,15.0222,0.4725529919229565
262.4785238699309,-59.99596158594145,14.319611,0.4603479509104834
262.48315501139444,-59.97972457509499,19.828037,0.7681604088676183
262.4713042005349,-59.9725597972063,12.402687,0.6970654933142749
262.46848282091236,-59.97785289243099,18.4739,0.1485185998227388
262.4715462321033,-59.96959418435194,19.76633,0.02016437689657251
262.47099817129725,-59.974238336583106,17.873417,0.09330457280342305
230.1451420958685,-48.70748021833168,19.35183,0.5131686504629537
230.14490728423365,-48.70223166286567,19.819946,1.1596197038756764
230.14525269249452,-48.70273132040305,18.199253,0.3498256258637879
230.15509936946597,-48.70350758698769,19.910742,0.039400035022942446
230.14857551681797,-48.702606933872254,17.155718,0.4019152555092214
230.14973617433873,-48.70097562123059,18.87436,0.36762646210834576
230.1461239016509,-48.69653086911714,19.445356,0.390044244360128
230.14861139273424,-48.6955318161158,18.400723,0.6151538385716375
230.13452921571547,-48.700783544087145,17.972412,0.33308762554771293
230.12927569785847,-48.69938236124167,18.87198,0.4838240078365542
230.1264879066678,-48.71381438368891,18.657675,-0.11159409291269146
230.12763147067528,-48.710103746594996,18.730368,0.6058414750893377
227.1385922421091,-49.43268946843956,12.858021,0.5693484271530435
227.12407589354925,-49.436019680308284,9.125237,0.7397135786636895
227.12731342997017,-49.43197529035629,17.969736,-0.21051671271342448
227.13810229472898,-49.429016248690736,17.21533,0.19492946514597403
227.1280854462619,-49.43151709875292,19.071375,0.24687916425844142
227.13986680998983,-49.427985342849254,17.456896,0.2192960161874406
227.13445246145423,-49.443521016770084,18.773378,0.350760077774691
227.14146757482484,-49.435803046352234,19.006338,0.598610424946882
227.1109271755089,-49.42682836393804,18.02304,0.6814499253163117
227.11130283306227,-49.44191547926954,18.483398,0.739560236018614
227.10236000761856,-49.43757910041832,18.72825,0.283162287104739
227.0982926350457,-49.434272381801186,19.35826,0.7464782079468196
227.10710848738518,-49.43083353927727,18.09871,0.3298298476627509
265.2169443364485,-59.918817456004135,19.610394,-0.06917842427374359
265.2112444176579,-59.915654429867224,17.35662,0.14480554104868834
265.1897941216173,-59.91768807199841,19.04354,0.5350971681478509
265.1814246937135,-59.91810997822842,19.479746,0.17727840256837024
265.1819060611462,-59.91718800723864,17.39849,0.4404781857234171
265.16623973910885,-59.90841272920119,18.37734,1.8968639812416477
230.13864493358358,-48.57971369326786,16.377197,0.0693533088289687
230.1368845431775,-48.57088435202443,16.261768,0.3130400599646591
230.1433523822464,-48.57997733377293,19.8521,0.22216428302821178
230.14789576917414,-48.560912386920926,18.303028,0.317787101703664
230.15548484085323,-48.5718214463308,19.23097,0.26556420256940616
228.461663609617,-48.993445774605064,17.766607,0.8540499035482003
228.47341477222986,-49.005223949781204,19.466373,0.2081715692960303
228.4721113602044,-49.00040887710629,19.542189,-0.039529729792830065
228.47254971642258,-48.9972450108032,19.86223,0.5002280347058242
228.47981330315213,-48.99518225695756,19.686415,0.9469025816595551
228.47857259261272,-48.99551237522883,19.594473,0.4753710741413526
228.46387595365877,-48.99623996546166,18.351826,-0.049784744823784935
228.46370846410613,-48.995402048015556,19.871851,0.19879515751376894
228.47609586588956,-48.99189429939943,19.61754,0.9373434429373506
228.4749035182389,-48.991592208846264,19.528114,0.049583270106784066
228.4631616717859,-48.9935919589694,18.949856,0.5099390178878145
228.47228318920799,-48.99090104851478,18.312605,0.46867077542106395
254.7519086098,-22.701070076649287,16.484152,0.265985172702657
254.74380442365296,-22.698134144389172,17.21358,0.22654746376342955
254.7472582472644,-22.69636940626331,13.97777,0.33446688474265135
254.7449184025046,-22.696697581265873,18.072165,0.6208723577173854
254.75742145247747,-22.69017381587598,19.619095,-0.41202110896082694
254.77113245138395,-22.68952364808023,19.286303,0.2847397897552874
254.75382316310328,-22.687385687088792,19.407312,-0.26024753714864474
254.75878867215582,-22.683511997748518,19.30637,1.1133648657808852
254.7629641192114,-22.682100103979547,18.229986,0.3374463299001205
254.76546273493474,-22.696128348546207,18.869555,0.563559381980945
254.76761703329714,-22.68768485414881,18.736097,-0.07309683059938671
254.7724850590028,-22.69025459582218,19.935833,0.5655375233728669
230.1241856292806,-48.69457818273909,18.646154,0.16822085344624296
230.12003758314626,-48.70527740997024,17.942533,0.09994924102238062
230.12449813214536,-48.706749516536966,18.981182,0.7684603058349705
230.12337384151581,-48.711755563066866,19.039192,0.4332108582284829
230.12688333219288,-48.70775441878257,19.780107,0.8239288246854422
230.1230458180136,-48.70768549589026,19.933708,0.7792047686155894
230.127826807926,-48.70571921649257,19.8875,0.07678356777313232
230.12142743555748,-48.706293930140696,19.784573,0.12332329587933921
230.12517948983418,-48.704790837785694,19.29375,0.2459198309017046
230.11917988539292,-48.70543366312499,19.402195,0.18085117325018293
230.1166078012206,-48.705652664846404,19.913813,0.4362941039211067
228.34047390639412,-48.316081411047406,18.051756,0.025348109308073682
228.34248117897138,-48.315169244032404,18.012823,0.6383475548947203
228.34838119875914,-48.311264644833976,18.50087,0.7731423838100662
228.34472953194805,-48.319307936899634,19.935806,0.3913544441346579
228.33983041365804,-48.31796948078849,19.152014,0.04135452420013906
228.33332535498823,-48.31730843187732,19.750036,1.219240996038295
228.340471687585,-48.3149860790212,19.312418,2.1962785143162145
228.33293231142912,-48.31556623547697,19.659136,-0.004143351482228049
228.3347087457178,-48.31306444064997,18.980818,-0.00905814797233613
228.33468971474318,-48.31142171767023,19.059877,-0.08729888294908288
228.33086821110027,-48.3109480528746,19.822617,0.4113839002253299
288.8928290622969,72.3850928825621,16.953648,0.7770679622822076
288.8421063637329,72.3826437560412,17.534052,0.17895772190634815
288.84526442049906,72.38129180675107,19.459814,0.10245231619131852
288.8260998094346,72.38744829677285,19.888111,-0.19844949848532722
288.79626356221024,72.37743136010542,19.995235,0.026429720575758826
288.7623170507745,72.39023082098919,16.216719,0.6661210860248374
288.7885462740908,72.40581594705884,18.019032,0.34665815860951493
288.833233822548,72.40166405811627,18.354546,0.24602017578434268
288.8425877820779,72.40779667199976,18.003494,0.060369481736140616
262.4566523076564,-59.969827770364724,19.621244,-0.1284232313885764
262.45470898159743,-59.96849928291121,15.606668,0.5973969601111515
262.4751589042182,-59.97042771263454,19.59655,0.6429377281102026
262.47599076439604,-59.978246390563626,15.212825,0.34041713039294086
262.4766992457604,-59.981600696032054,17.068108,0.3933182888050284
262.48150901218776,-59.98030006595019,19.634907,0.2181968800444089
262.50258186788017,-59.979570985669596,19.860554,-0.1384087687714195
255.37857126828672,-22.439936030315934,19.98017,0.9983114584013106
227.1080380759847,-49.4296331547747,19.908733,0.6242830379574213
227.12100527326572,-49.434484167440345,19.388435,0.6833646181732818
227.10733727985522,-49.44084917253335,18.728037,0.2987075025809453
227.11058637247118,-49.439635505086954,19.924465,-0.5688546458883006
227.1091037381978,-49.43669732511349,18.662073,0.09376593809424681
227.11237795458456,-49.431394519920914,19.25164,0.06489762656815659
227.1024781280692,-49.43322110876061,19.4824,0.07154569195948943
227.09840128377076,-49.433810751056185,19.804808,0.6152249880478111
227.10259226085554,-49.431338666816146,19.54711,0.5882938323271864
227.10453671560495,-49.427461084761894,19.630573,-0.5666366114718525
227.11030704928586,-49.424986701997184,19.768114,-1.501964472845983
227.11380198458153,-49.43856077429536,19.877872,0.14441680142741178
230.15420827179992,-48.57371470645371,18.934488,0.6912899257612581
230.1561211214101,-48.57128409160554,19.116425,0.8716292168809157
230.1470936091606,-48.564642060985925,18.588617,0.03077542449142811
230.13869664597706,-48.56904788839929,17.831097,0.3107094112261637
230.14864688303138,-48.57674184780474,18.866497,0.3473376340690984
230.14733877533496,-48.57663776304033,19.404898,-0.46251650400769695
230.14849605614685,-48.57570344911786,18.263384,0.1565614552607798
230.15214741237597,-48.57464150724864,19.171896,0.0011944978379124054
230.1474141833199,-48.57525813000016,19.197458,-0.3955680133842745
230.15391525769274,-48.57294341259954,19.270277,0.4109708093808718
230.14838721446804,-48.57265850958596,19.476439,0.48012964568085964
230.1503352411505,-48.5703153469785,19.497316,-0.38964514785801513
230.14564997893942,-48.57001448945754,19.596163,0.5866174822653817
227.88807197055667,-49.885986570171966,17.79346,0.23433962424553753
227.88500751710856,-49.88371223114668,17.427189,0.3177976634663274
227.8670475094388,-49.88598298304108,19.532816,-0.046372109975564194
227.88333736235802,-49.881717381465215,19.981226,1.4890627692100737
227.87108239133832,-49.884716086537765,14.9864,1.0546333364498923
227.87194559898273,-49.88022398076714,17.885406,0.4391241197594426
227.87531424558392,-49.87577734799185,18.628254,-1.0678895608601462
227.87967467571926,-49.889877670262116,19.862377,0.34272000115290296
227.8948607753653,-49.878484459855756,16.663132,0.3538842347611634
227.89937856911996,-49.874525311951444,17.081518,0.3096398621394263
227.88600507613603,-49.870499536205884,18.579603,-0.06349822746667362
227.88903978093677,-49.86546929536587,18.522642,0.22709742529499513
228.4713822971465,-48.986980019174034,18.605234,0.5393956176402673
228.47290663447703,-49.00138753088599,17.729204,0.2923632013266564
228.47336606830953,-48.99394588626942,17.494095,0.5241388393657747
228.46765348815447,-48.99530304333453,16.915123,0.38673356706789125
230.1281509599078,-48.69962385766994,19.932274,
230.1193236241024,-48.70133361582051,19.953943,-0.29316499767561954
230.12412603483767,-48.71044126133822,17.86788,0.18915558039830782
230.12132258591492,-48.707345774914025,18.741308,-0.04496204257203374
230.11441175645984,-48.703219381761315,17.4184,0.408584094025662
254.71683633884524,-21.933019910723203,15.577245,0.8010657972349094
254.70646036139658,-21.935790696210653,18.357162,0.3581683858383044
254.70488970430347,-21.93311438344446,19.335161,0.1966031574988386
254.70423846430128,-21.929010520297105,16.45895,0.4180883682981904
254.7066293168084,-21.925599020246075,19.550447,
254.7049528751438,-21.925968457189516,17.363405,0.26772113071106696
254.70688441545028,-21.938303018348503,19.647738,0.6766008799670251
254.76740643375558,-22.689475903102696,19.224642,-0.10716532460082057
254.7634509391616,-22.682195233137712,19.612387,0.6351998167738839
254.76137523528243,-22.690386230331903,19.833158,0.07399623415801902
254.36099310375494,-22.08707620709562,19.780329,0.2446283017601703
254.36069058122177,-22.087862967724693,17.586578,0.667203029310895
254.36949369918258,-22.080309730920128,19.750824,-0.38996159232331573
254.36811708815802,-22.080688019753854,19.367537,0.24624883444039253
254.3681607451933,-22.07941542865391,19.58187,0.05056755454863339
254.35635291736776,-22.08417181549523,19.585333,0.17671862463122398
265.17212613932196,-59.91206444113614,17.831657,0.19272493295497103
265.19285031837967,-59.90595707558462,18.92614,0.13241171206098293
265.18521049040436,-59.905672012275105,18.531929,0.211996929578956
265.173467668868,-59.902378527918295,16.472595,0.7761186393972317
265.182971900202,-59.90212553031825,19.611217,0.29986940904149495
230.15435514413542,-48.56605899770879,19.098633,0.30007987914596695
230.1560079173348,-48.565484965685826,19.586033,0.1191014161654276
230.13582795445245,-48.56911259737155,19.207891,0.3349480041684583
230.13907161815513,-48.56805166387081,19.782488,0.0932527218053899
230.14127424231373,-48.566145834722704,17.209467,0.06026314272328713
230.14381205308143,-48.56099105947392,19.958408,-0.027363114316209997
230.14778175353757,-48.55786794969355,19.619879,0.5501700443287624
288.8442710513891,72.41312396099768,17.63758,1.4511047169253977
288.8804539978257,72.40815693263413,16.73712,0.503062903157855
288.82397206723147,72.40421692996215,19.236952,0.5315357706236292
288.7936076776935,72.42132108967616,15.084439,0.8854005891224885
288.9818955117245,72.39770982636891,17.543028,0.43759835743330044
288.9774265301935,72.40090803663378,19.24058,1.7154292346029372
288.90931320023685,72.41539556318209,19.018799,0.34260597950406024
288.97579985342446,72.42190973699529,18.275309,0.5770978501738749
289.00400270130433,72.41527049608668,17.37991,0.1598451871443628
228.34239113345964,-48.32026006638466,18.800413,0.047019916436965646
228.3449704176792,-48.318614530084616,18.34885,0.08963814859616369
228.3363329779316,-48.31821265269994,17.35599,0.23298050375004006
228.35075445425608,-48.31058315763842,16.542782,0.3159123899850924
262.51638084633765,-59.97953351246324,17.565172,0.03985523890411797
262.50383367278715,-59.97518650277651,17.371363,0.9456124551431777
262.5117909919184,-59.97380041019381,18.45194,0.13833128568946337
262.5025563819877,-59.96955983382208,19.171556,0.20777044325229735
262.49071631943065,-59.965688077605776,19.82372,-0.38248170779718926
262.49445337556705,-59.965071473591756,19.577166,0.7642200825967339
227.89120767866157,-49.8837840229767,18.647263,0.0507853130231356
227.88608570466204,-49.87550678469498,18.860882,0.24049639750234722
227.88593357444304,-49.8667482059472,18.729414,-0.15189140909819976
227.87938727951047,-49.870275174564355,18.130835,0.0456922797171819
227.8833477322145,-49.871705262544566,19.72739,-0.016326164092163864
227.89489136429899,-49.87903504239247,19.629894,0.2152252587156366
227.89305132158574,-49.87533612166289,19.179298,0.2271280146934916
227.89760943964242,-49.87394303916575,19.11372,-0.0023789544683010984
227.89838027300155,-49.87309954040884,19.559202,-0.588826431299035
227.8886066273927,-49.872633849043176,19.986195,0.5645515275155605
227.8850770650171,-49.87254953266085,18.698433,0.5550278739586764
227.8836614410916,-49.87236720296548,19.53411,0.09202733879510366
227.1071721608211,-49.43545872642269,17.61218,0.6508778765276583
227.11692688099077,-49.43350143659605,16.456371,0.42824046399081445
227.1062882116475,-49.427144451889134,17.99342,0.4367375202649729
227.11391032916612,-49.44002769891921,18.773127,0.31482170469265147
227.1103588286863,-49.43621519942879,19.549374,-0.14632895610341715
230.1906263376681,-48.551646412784955,19.93232,-0.6007520944136906
255.38162057147377,-22.447237399273487,19.113214,0.363360053617393
255.37864169558242,-22.449466076930438,19.9135,0.7961662210174325
255.37764555668284,-22.447894123547744,16.735321,0.2482452671613343
